"ref_area.label","source.label","indicator.label","sex.label","classif1.label","time","obs_value","obs_status.label","note_classif.label","note_indicator.label","note_source.label"
"Aruba","PC - Population and Housing Census","Average weekly hours actually worked per employed person by sex and economic activity","Total","Economic activity (Aggregate): Total","2010",39.43,,,"Job coverage: Main job currently held","Data reference period: September"
"Afghanistan","LFS - Labour Force Survey","Average weekly hours actually worked per employed person by sex and economic activity","Total","Economic activity (Aggregate): Total","2021",39.6,,,"Job coverage: Main job currently held","Repository: ILO-STATISTICS - Micro data processing | Data reference period: First quarter"
"Angola","LFS - Employment Survey","Average weekly hours actually worked per employed person by sex and economic activity","Total","Economic activity (Aggregate): Total","2025",43.45,,,"Job coverage: Main job currently held","Repository: ILO-STATISTICS - Micro data processing"
"Albania","LFS - Labour Force Survey","Average weekly hours actually worked per employed person by sex and economic activity","Total","Economic activity (Aggregate): Total","2024",41.33,,,"Job coverage: Main job currently held","Repository: ILO-STATISTICS - Micro data processing"
"United Arab Emirates","LFS - Labour Force Survey","Average weekly hours actually worked per employed person by sex and economic activity","Total","Economic activity (Aggregate): Total","2024",50.82,,,"Job coverage: Main job currently held","Repository: ILO-STATISTICS - Micro data processing"
"Argentina","LFS - Permanent Household Survey, Urban","Average weekly hours actually worked per employed person by sex and economic activity","Total","Economic activity (Aggregate): Total","2025",36.57,,,"Job coverage: Main job currently held","Repository: ILO-STATISTICS - Micro data processing | Geographical coverage: Main cities or metropolitan areas"
"Armenia","HIES - Households Living Conditions Survey","Average weekly hours actually worked per employed person by sex and economic activity","Total","Economic activity (Aggregate): Total","2018",38.8,,,"Job coverage: Main job currently held","Repository: ILO-STATISTICS - Micro data processing | Age coverage - maximum age: 75 years old"
"Antigua and Barbuda","LFS - Labour Force Survey","Average weekly hours actually worked per employed person by sex and economic activity","Total","Economic activity (Aggregate): Total","2018",40.57,,,"Job coverage: Main job currently held","Repository: ILO-STATISTICS - Micro data processing"
"Australia","LFS - Labour Force Survey","Average weekly hours actually worked per employed person by sex and economic activity","Total","Economic activity (Aggregate): Total","2020",32.29,,,"Employment definition: Excluding own-use production workers","Geographical coverage: Total national, excluding overseas territories | Population coverage: Excluding both institutional population and armed forces and/or conscripts"
"Austria","LFS - Labour Force Survey","Average weekly hours actually worked per employed person by sex and economic activity","Total","Economic activity (Aggregate): Total","2025",33.46,,,"Job coverage: Main job currently held","Repository: ILO-STATISTICS - Micro data processing"
"Azerbaijan","LFS - Labour Force Survey","Average weekly hours actually worked per employed person by sex and economic activity","Total","Economic activity (Aggregate): Total","2022",34.43,,,"Employment definition: Excluding own-use production workers","Data reference period: End of the year | Population coverage: Excluding both institutional population and armed forces and/or conscripts"
"Burundi","HIES - Living Standards Survey","Average weekly hours actually worked per employed person by sex and economic activity","Total","Economic activity (Aggregate): Total","2014",40.27,,,"Job coverage: Main job currently held","Repository: ILO-STATISTICS - Micro data processing"
"Belgium","LFS - EU Labour Force Survey","Average weekly hours actually worked per employed person by sex and economic activity","Total","Economic activity (Aggregate): Total","2025",34.31,,,"Job coverage: Main and second job currently held","Repository: Eurostat special tabulation"
"Benin","HIES - Monitoring Survey of the Modular and Integrated Survey of Household Living Conditions","Average weekly hours actually worked per employed person by sex and economic activity","Total","Economic activity (Aggregate): Total","2011",41.55,,,"Job coverage: Main job currently held","Repository: ILO-STATISTICS - Micro data processing"
"Burkina Faso","HIES - Continuous Multisectoral Survey","Average weekly hours actually worked per employed person by sex and economic activity","Total","Economic activity (Aggregate): Total","2014",46.3,,,"Job coverage: Main job currently held","Repository: ILO-STATISTICS - Micro data processing"
"Bangladesh","LFS - Labour Force Survey","Average weekly hours actually worked per employed person by sex and economic activity","Total","Economic activity (Aggregate): Total","2024",46.73,,,"Job coverage: Main job currently held","Repository: ILO-STATISTICS - Micro data processing"
"Bulgaria","LFS - EU Labour Force Survey","Average weekly hours actually worked per employed person by sex and economic activity","Total","Economic activity (Aggregate): Total","2025",38.69,,,"Job coverage: Main and second job currently held","Repository: Eurostat special tabulation"
"Bahamas","LFS - Labour Force & Household Survey","Average weekly hours actually worked per employed person by sex and economic activity","Total","Economic activity (Aggregate): Total","2023",39.2,,,"Central tendency measure: Mean or mean of the midpoints of the intervals provided | Job coverage: Main job currently held","Repository: ILO-STATISTICS - Micro data processing"
"Bosnia and Herzegovina","LFS - Labour Force Survey","Average weekly hours actually worked per employed person by sex and economic activity","Total","Economic activity (Aggregate): Total","2024",41.04,,,"Job coverage: Main job currently held","Repository: ILO-STATISTICS - Micro data processing"
"Belarus","LFS - Labour Force Survey","Average weekly hours actually worked per employed person by sex and economic activity","Total","Economic activity (Aggregate): Total","2024",39.1,,,"Job coverage: Main job currently held","Repository: ILO-STATISTICS - Micro data processing | Age coverage - maximum age: 74 years old"
"Belize","LFS - Labour Force Survey","Average weekly hours actually worked per employed person by sex and economic activity","Total","Economic activity (Aggregate): Total","2020",39,,,"Employment definition: Excluding own-use production workers | Central tendency measure: Median","Data reference period: September | Population coverage: Excluding institutional population"
"Bermuda","PC - Census of Population & Housing","Average weekly hours actually worked per employed person by sex and economic activity","Total","Economic activity (Aggregate): Total","2010",41.8,,,"Job coverage: Main job currently held","Population coverage: Excluding institutional population"
"Bolivia, Plurinational State of","LFS - Continuous Employment Survey","Average weekly hours actually worked per employed person by sex and economic activity","Total","Economic activity (Aggregate): Total","2025",37.31,,,"Job coverage: Main job currently held","Repository: ILO-STATISTICS - Micro data processing"
"Brazil","HS - Continuous National Household Sample Survey","Average weekly hours actually worked per employed person by sex and economic activity","Total","Economic activity (Aggregate): Total","2025",38.86,,,"Job coverage: Main job currently held","Repository: ILO-STATISTICS - Micro data processing"
"Brunei Darussalam","LFS - Labour Force Survey","Average weekly hours actually worked per employed person by sex and economic activity","Total","Economic activity (Aggregate): Total","2024",46.29,,,"Job coverage: Main job currently held","Repository: ILO-STATISTICS - Micro data processing"
"Bhutan","LFS - Labour Force Survey","Average weekly hours actually worked per employed person by sex and economic activity","Total","Economic activity (Aggregate): Total","2022",54.42,,,"Job coverage: Main job currently held","Repository: ILO-STATISTICS - Micro data processing"
"Botswana","HS - Multi-Topic Household Survey","Average weekly hours actually worked per employed person by sex and economic activity","Total","Economic activity (Aggregate): Total","2024",42.92,,,"Job coverage: Main job currently held","Repository: ILO-STATISTICS - Micro data processing"
"Canada","LFS - Labour Force Survey","Average weekly hours actually worked per employed person by sex and economic activity","Total","Economic activity (Aggregate): Total","2025",34.8,,,"Job coverage: Main job currently held","Repository: ILO-STATISTICS - Micro data processing"
"Switzerland","LFS - Labour Force Survey","Average weekly hours actually worked per employed person by sex and economic activity","Total","Economic activity (Aggregate): Total","2025",35.23,,,"Job coverage: Main job currently held","Repository: ILO-STATISTICS - Micro data processing"
"Chile","LFS - National Employment Survey","Average weekly hours actually worked per employed person by sex and economic activity","Total","Economic activity (Aggregate): Total","2025",38.94,,,"Job coverage: Main job currently held","Repository: ILO-STATISTICS - Micro data processing"
"China","OE - Official Estimates","Average weekly hours actually worked per employed person by sex and economic activity","Total","Economic activity (Aggregate): Total","2016",46.1,,,"Working time arrangement coverage: Full-time workers","Data reference period: September | Geographical coverage: Urban areas only"
"Côte d'Ivoire","LFS - National Survey on the Employment Situation","Average weekly hours actually worked per employed person by sex and economic activity","Total","Economic activity (Aggregate): Total","2019",42.61,,,"Job coverage: Main job currently held","Repository: ILO-STATISTICS - Micro data processing"
"Congo, Democratic Republic of the","HS - Core Welfare Indicators Questionnaire","Average weekly hours actually worked per employed person by sex and economic activity","Total","Economic activity (Aggregate): Total","2016",33.54,,,"Job coverage: Main job currently held","Repository: ILO-STATISTICS - Micro data processing | Geographical coverage: Main cities or metropolitan areas"
"Cook Islands","LFS - Labour Force Survey","Average weekly hours actually worked per employed person by sex and economic activity","Total","Economic activity (Aggregate): Total","2023",34.45,,,"Job coverage: Main job currently held","Repository: ILO-STATISTICS - Micro data processing"
"Colombia","LFS - Integrated Household Survey","Average weekly hours actually worked per employed person by sex and economic activity","Total","Economic activity (Aggregate): Total","2025",42.77,,,"Job coverage: Main job currently held","Repository: ILO-STATISTICS - Micro data processing"
"Comoros","LFS - National Survey on Employment and the Informal Sector","Average weekly hours actually worked per employed person by sex and economic activity","Total","Economic activity (Aggregate): Total","2021",37.75,,,"Job coverage: Main job currently held","Repository: ILO-STATISTICS - Micro data processing"
"Costa Rica","LFS - Continuous Employment Survey","Average weekly hours actually worked per employed person by sex and economic activity","Total","Economic activity (Aggregate): Total","2025",42.88,,,"Job coverage: Main job currently held","Repository: ILO-STATISTICS - Micro data processing"
"Cuba","LFS - National Employment Survey","Average weekly hours actually worked per employed person by sex and economic activity","Total","Economic activity (Aggregate): Total","2010",41,,,"Job coverage: Main job currently held",
"Curaçao","LFS - Labour Force Survey","Average weekly hours actually worked per employed person by sex and economic activity","Total","Economic activity (Aggregate): Total","2018",36.6,,,"Employment definition: Including subsistence workers | Central tendency measure: Weighted mean","Data reference period: Fourth quarter"
"Cayman Islands","LFS - Labour Force Survey","Average weekly hours actually worked per employed person by sex and economic activity","Total","Economic activity (Aggregate): Total","2015",42,,,,"Data reference period: October"
"Cyprus","LFS - Labour Force Survey","Average weekly hours actually worked per employed person by sex and economic activity","Total","Economic activity (Aggregate): Total","2025",37.67,,,"Job coverage: Main and second job currently held","Repository: Eurostat special tabulation"
"Czechia","LFS - Labour Force Sample Survey","Average weekly hours actually worked per employed person by sex and economic activity","Total","Economic activity (Aggregate): Total","2025",37.44,,,"Job coverage: Main and second job currently held","Repository: Eurostat special tabulation"
"Germany","LFS - EU Labour Force Survey","Average weekly hours actually worked per employed person by sex and economic activity","Total","Economic activity (Aggregate): Total","2025",33.53,,,"Job coverage: Main and second job currently held","Repository: Eurostat special tabulation"
"Djibouti","LFS - Survey on Labour Statistics","Average weekly hours actually worked per employed person by sex and economic activity","Total","Economic activity (Aggregate): Total","2025",44.52,,,"Job coverage: Main job currently held","Repository: ILO-STATISTICS - Micro data processing"
"Denmark","LFS - EU Labour Force Survey","Average weekly hours actually worked per employed person by sex and economic activity","Total","Economic activity (Aggregate): Total","2025",33.16,,,"Job coverage: Main and second job currently held","Repository: Eurostat special tabulation"
"Dominican Republic","LFS - Continuous National Labour Force Survey","Average weekly hours actually worked per employed person by sex and economic activity","Total","Economic activity (Aggregate): Total","2025",40.42,,,"Job coverage: Main job currently held","Repository: ILO-STATISTICS - Micro data processing"
"Algeria","LFS - Household Employment Survey","Average weekly hours actually worked per employed person by sex and economic activity","Total","Economic activity (Aggregate): Total","2017",43.7,,,,"Data reference period: September"
"Ecuador","LFS - National Survey on Employment, Unemployment and Underemployment","Average weekly hours actually worked per employed person by sex and economic activity","Total","Economic activity (Aggregate): Total","2025",34.13,,,"Job coverage: Main job currently held","Repository: ILO-STATISTICS - Micro data processing"
"Egypt","LFS - Labour Force Sample Survey","Average weekly hours actually worked per employed person by sex and economic activity","Total","Economic activity (Aggregate): Total","2024",45.12,"Break in series",,"Job coverage: Main job currently held | Break in series: Methodology revised","Repository: ILO-STATISTICS - Micro data processing"
"Spain","LFS - EU Labour Force Survey","Average weekly hours actually worked per employed person by sex and economic activity","Total","Economic activity (Aggregate): Total","2025",36.42,,,"Job coverage: Main and second job currently held","Repository: Eurostat special tabulation"
"Estonia","LFS - Labour Force Survey","Average weekly hours actually worked per employed person by sex and economic activity","Total","Economic activity (Aggregate): Total","2025",36.18,,,"Job coverage: Main and second job currently held","Repository: Eurostat special tabulation"
"Ethiopia","LFS - National Labor Force Survey","Average weekly hours actually worked per employed person by sex and economic activity","Total","Economic activity (Aggregate): Total","2021",31.92,,,"Job coverage: Main job currently held","Repository: ILO-STATISTICS - Micro data processing"
"Finland","LFS - EU Labour Force Survey","Average weekly hours actually worked per employed person by sex and economic activity","Total","Economic activity (Aggregate): Total","2025",34.15,,,"Job coverage: Main and second job currently held","Repository: Eurostat special tabulation"
"Fiji","LFS - Employment, Unemployment Survey","Average weekly hours actually worked per employed person by sex and economic activity","Total","Economic activity (Aggregate): Total","2024",37.33,,,"Job coverage: Main job currently held","Repository: ILO-STATISTICS - Micro data processing"
"Falkland Islands, Malvinas","PC - Population Census","Average weekly hours actually worked per employed person by sex and economic activity","Total","Economic activity (Aggregate): Total","2016",42.2,,,"Working time concept: Hours usually worked","Population coverage: Excluding armed forces and/or conscripts"
"France","LFS - Employment Survey","Average weekly hours actually worked per employed person by sex and economic activity","Total","Economic activity (Aggregate): Total","2025",35.71,,,"Job coverage: Main and second job currently held","Repository: Eurostat special tabulation"
"Micronesia, Federated States of","HIES - Household Income and Expenditure Survey","Average weekly hours actually worked per employed person by sex and economic activity","Total","Economic activity (Aggregate): Total","2014",30.37,,,"Job coverage: Main job currently held","Repository: ILO-STATISTICS - Micro data processing"
"Gabon","LFS - National Employment and Unemployment Survey","Average weekly hours actually worked per employed person by sex and economic activity","Total","Economic activity (Aggregate): Total","2024",46.31,,,"Job coverage: Main job currently held","Repository: ILO-STATISTICS - Micro data processing"
"United Kingdom of Great Britain and Northern Ireland","LFS - Labour Force Survey","Average weekly hours actually worked per employed person by sex and economic activity","Total","Economic activity (Aggregate): Total","2025",34.92,,,"Job coverage: Main job currently held","Repository: ILO-STATISTICS - Micro data processing"
"Georgia","LFS - Labour Force Survey","Average weekly hours actually worked per employed person by sex and economic activity","Total","Economic activity (Aggregate): Total","2025",40.01,,,"Job coverage: Main job currently held","Repository: ILO-STATISTICS - Micro data processing"
"Ghana","HIES - Household Income and Expenditure Survey","Average weekly hours actually worked per employed person by sex and economic activity","Total","Economic activity (Aggregate): Total","2024",35.53,,,"Job coverage: Main job currently held","Repository: ILO-STATISTICS - Micro data processing"
"Gambia","LFS - Labour Force Survey","Average weekly hours actually worked per employed person by sex and economic activity","Total","Economic activity (Aggregate): Total","2025",43.55,,,"Job coverage: Main job currently held","Repository: ILO-STATISTICS - Micro data processing"
"Guinea-Bissau","LFS - Integrated Regional Survey on Employment and Informal Sector","Average weekly hours actually worked per employed person by sex and economic activity","Total","Economic activity (Aggregate): Total","2018",42.99,,,"Job coverage: Main job currently held","Repository: ILO-STATISTICS - Micro data processing"
"Equatorial Guinea","HIES - National Household Survey","Average weekly hours actually worked per employed person by sex and economic activity","Total","Economic activity (Aggregate): Total","2023",45.13,,,"Job coverage: Main job currently held","Repository: ILO-STATISTICS - Micro data processing"
"Greece","LFS - Labour Force Survey","Average weekly hours actually worked per employed person by sex and economic activity","Total","Economic activity (Aggregate): Total","2025",39.52,,,"Job coverage: Main job currently held","Repository: ILO-STATISTICS - Micro data processing"
"Grenada","LFS - Labour Force Survey","Average weekly hours actually worked per employed person by sex and economic activity","Total","Economic activity (Aggregate): Total","2023",42.42,,,"Job coverage: Main job currently held","Repository: ILO-STATISTICS - Micro data processing"
"Guatemala","LFS - Employment and Income Survey","Average weekly hours actually worked per employed person by sex and economic activity","Total","Economic activity (Aggregate): Total","2024",42,"Break in series",,"Job coverage: Main job currently held | Break in series: Methodology revised","Repository: ILO-STATISTICS - Micro data processing"
"Guyana","LFS - Labour Force Survey","Average weekly hours actually worked per employed person by sex and economic activity","Total","Economic activity (Aggregate): Total","2021",44.25,,,"Job coverage: Main job currently held","Repository: ILO-STATISTICS - Micro data processing"
"Hong Kong, China","LFS - General Household Survey","Average weekly hours actually worked per employed person by sex and economic activity","Total","Economic activity (Aggregate): Total","2016",43,,,,"Geographical coverage: Government controlled areas | Population coverage: Excluding institutional population"
"Honduras","HS - Continous Multi-Purpose Household Survey","Average weekly hours actually worked per employed person by sex and economic activity","Total","Economic activity (Aggregate): Total","2025",43.71,,,"Job coverage: Main job currently held","Repository: ILO-STATISTICS - Micro data processing | Data reference period: Second quarter"
"Croatia","LFS - EU Labour Force Survey","Average weekly hours actually worked per employed person by sex and economic activity","Total","Economic activity (Aggregate): Total","2025",37.65,,,"Job coverage: Main and second job currently held","Repository: Eurostat special tabulation"
"Haiti","HIES - Households Living Conditions Survey","Average weekly hours actually worked per employed person by sex and economic activity","Total","Economic activity (Aggregate): Total","2012",41.94,,,"Job coverage: Main job currently held","Repository: ILO-STATISTICS - Micro data processing"
"Hungary","LFS - Labour Force Survey","Average weekly hours actually worked per employed person by sex and economic activity","Total","Economic activity (Aggregate): Total","2025",37.29,,,"Job coverage: Main and second job currently held","Repository: Eurostat special tabulation"
"Indonesia","LFS - National Labour Force Survey","Average weekly hours actually worked per employed person by sex and economic activity","Total","Economic activity (Aggregate): Total","2023",38.36,,,"Job coverage: Main job currently held","Repository: ILO-STATISTICS - Micro data processing"
"Isle of Man","ES - Labour-related Establishment Survey","Average weekly hours actually worked per employed person by sex and economic activity","Total","Economic activity (Aggregate): Total","2013",35,,,"Job coverage: Main job currently held | Working time arrangement coverage: Full-time workers","Reference group coverage: Employees"
"India","LFS - Periodic Labour Force Survey","Average weekly hours actually worked per employed person by sex and economic activity","Total","Economic activity (Aggregate): Total","2025",45.45,,,"Job coverage: Main job currently held","Repository: ILO-STATISTICS - Micro data processing"
"Ireland","LFS - EU Labour Force Survey","Average weekly hours actually worked per employed person by sex and economic activity","Total","Economic activity (Aggregate): Total","2025",34.74,,,"Job coverage: Main and second job currently held","Repository: Eurostat special tabulation"
"Iran, Islamic Republic of","LFS - Labour Force Survey","Average weekly hours actually worked per employed person by sex and economic activity","Total","Economic activity (Aggregate): Total","2024",46.78,,,"Job coverage: Main job currently held","Repository: ILO-STATISTICS - Micro data processing"
"Iraq","LFS - Labour Force Survey","Average weekly hours actually worked per employed person by sex and economic activity","Total","Economic activity (Aggregate): Total","2021",31.71,,,"Job coverage: Main job currently held","Repository: ILO-STATISTICS - Micro data processing"
"Iceland","LFS - EU Labour Force Survey","Average weekly hours actually worked per employed person by sex and economic activity","Total","Economic activity (Aggregate): Total","2025",35.73,,,"Job coverage: Main and second job currently held","Repository: Eurostat special tabulation"
"Israel","LFS - Labour Force Survey","Average weekly hours actually worked per employed person by sex and economic activity","Total","Economic activity (Aggregate): Total","2024",37.74,,,"Job coverage: Main job currently held","Repository: ILO-STATISTICS - Micro data processing"
"Italy","LFS - EU Labour Force Survey","Average weekly hours actually worked per employed person by sex and economic activity","Total","Economic activity (Aggregate): Total","2025",36.07,,,"Job coverage: Main and second job currently held","Repository: Eurostat special tabulation"
"Jamaica","LFS - Labour Force Survey","Average weekly hours actually worked per employed person by sex and economic activity","Total","Economic activity (Aggregate): Total","2023",43.63,,,"Job coverage: Main job currently held","Repository: ILO-STATISTICS - Micro data processing"
"Jersey","HS - Social Survey","Average weekly hours actually worked per employed person by sex and economic activity","Total","Economic activity (Aggregate): Total","2016",40,,,"Central tendency measure: Median | Job coverage: Main job currently held","Data reference period: December | Population coverage: Excluding both institutional population and armed forces and/or conscripts"
"Jordan","LFS - Employment and Unemployment Survey","Average weekly hours actually worked per employed person by sex and economic activity","Total","Economic activity (Aggregate): Total","2024",48.13,,,"Job coverage: Main job currently held","Repository: ILO-STATISTICS - Micro data processing"
"Japan","LFS - Labour Force Survey","Average weekly hours actually worked per employed person by sex and economic activity","Total","Economic activity (Aggregate): Total","2020",36.6,,,"Employment definition: Excluding own-use production workers | Job coverage: Main job currently held",
"Kazakhstan","LFS - Sample Survey of Employment","Average weekly hours actually worked per employed person by sex and economic activity","Total","Economic activity (Aggregate): Total","2022",38,,,"Employment definition: Excluding own-use production workers | Job coverage: Main job currently held","Population coverage: Excluding both institutional population and armed forces and/or conscripts"
"Kenya","HS - Continuous household survey","Average weekly hours actually worked per employed person by sex and economic activity","Total","Economic activity (Aggregate): Total","2021",39.05,,,"Job coverage: Main job currently held","Repository: ILO-STATISTICS - Micro data processing"
"Kyrgyzstan","LFS - Employment and Unemployment Survey","Average weekly hours actually worked per employed person by sex and economic activity","Total","Economic activity (Aggregate): Total","2023",38.66,,,"Job coverage: Main job currently held","Repository: ILO-STATISTICS - Micro data processing"
"Cambodia","HIES - Household Socio-Economic Survey","Average weekly hours actually worked per employed person by sex and economic activity","Total","Economic activity (Aggregate): Total","2023",42.49,,,"Job coverage: Main job currently held","Repository: ILO-STATISTICS - Micro data processing"
"Kiribati","HIES - Household Income and Expenditure Survey","Average weekly hours actually worked per employed person by sex and economic activity","Total","Economic activity (Aggregate): Total","2023",27.71,,,"Job coverage: Main job currently held","Repository: ILO-STATISTICS - Micro data processing"
"Republic of Korea","LFS - Economically Active Population Survey","Average weekly hours actually worked per employed person by sex and economic activity","Total","Economic activity (Aggregate): Total","2025",38.49,,,"Job coverage: Main job currently held","Repository: ILO-STATISTICS - Micro data processing"
"Kosovo","LFS - Labour Force Survey","Average weekly hours actually worked per employed person by sex and economic activity","Total","Economic activity (Aggregate): Total","2024",42.25,,,"Job coverage: Main job currently held","Repository: ILO-STATISTICS - Micro data processing"
"Lao People's Democratic Republic","LFS - Labour Force Survey","Average weekly hours actually worked per employed person by sex and economic activity","Total","Economic activity (Aggregate): Total","2022",41.53,"Break in series",,"Job coverage: Main job currently held | Break in series: Methodology revised","Repository: ILO-STATISTICS - Micro data processing"
"Lebanon","LFS - Labour Force Survey","Average weekly hours actually worked per employed person by sex and economic activity","Total","Economic activity (Aggregate): Total","2019",47.57,"Break in series",,"Job coverage: Main job currently held | Break in series: Methodology revised","Repository: ILO-STATISTICS - Micro data processing"
"Liberia","LFS - Labour Force Survey","Average weekly hours actually worked per employed person by sex and economic activity","Total","Economic activity (Aggregate): Total","2017",47.64,"Break in series",,"Job coverage: Main job currently held | Break in series: Methodology revised","Repository: ILO-STATISTICS - Micro data processing"
"Saint Lucia","LFS - Labour Force Survey","Average weekly hours actually worked per employed person by sex and economic activity","Total","Economic activity (Aggregate): Total","2025",39.75,,,"Job coverage: Main job currently held","Repository: ILO-STATISTICS - Micro data processing"
"Sri Lanka","LFS - Labour Force Survey","Average weekly hours actually worked per employed person by sex and economic activity","Total","Economic activity (Aggregate): Total","2024",43.02,,,"Job coverage: Main job currently held","Repository: ILO-STATISTICS - Micro data processing"
"Lesotho","LFS - Integrated Labour Force Survey","Average weekly hours actually worked per employed person by sex and economic activity","Total","Economic activity (Aggregate): Total","2024",49.26,,,"Job coverage: Main job currently held","Repository: ILO-STATISTICS - Micro data processing"
"Lithuania","LFS - EU Labour Force Survey","Average weekly hours actually worked per employed person by sex and economic activity","Total","Economic activity (Aggregate): Total","2025",38.67,,,"Job coverage: Main and second job currently held","Repository: Eurostat special tabulation"
"Luxembourg","LFS - EU Labour Force Survey","Average weekly hours actually worked per employed person by sex and economic activity","Total","Economic activity (Aggregate): Total","2025",35.58,,,"Job coverage: Main and second job currently held","Repository: Eurostat special tabulation"
"Latvia","LFS - EU Labour Force Survey","Average weekly hours actually worked per employed person by sex and economic activity","Total","Economic activity (Aggregate): Total","2025",38.1,,,"Job coverage: Main and second job currently held","Repository: Eurostat special tabulation"
"Macau, China","LFS - Employment Survey","Average weekly hours actually worked per employed person by sex and economic activity","Total","Economic activity (Aggregate): Total","2016",46,,,"Central tendency measure: Median | Working time concept: Hours usually worked","Geographical coverage: Total national, excluding some areas | Population coverage: Excluding both institutional population and armed forces and/or conscripts"
"Morocco","LFS - National Employment Survey","Average weekly hours actually worked per employed person by sex and economic activity","Total","Economic activity (Aggregate): Total","2022",44,,,"Employment definition: Excluding own-use production workers | Job coverage: Main and second job currently held",
"Republic of Moldova","LFS - Labour Force Survey","Average weekly hours actually worked per employed person by sex and economic activity","Total","Economic activity (Aggregate): Total","2025",39.42,,,"Job coverage: Main job currently held","Repository: ILO-STATISTICS - Micro data processing"
"Madagascar","HS - Periodic Household Survey","Average weekly hours actually worked per employed person by sex and economic activity","Total","Economic activity (Aggregate): Total","2022",35.03,"Break in series",,"Job coverage: Main job currently held | Break in series: Methodology revised","Repository: ILO-STATISTICS - Micro data processing"
"Maldives","HIES - Household Income and Expenditure Survey","Average weekly hours actually worked per employed person by sex and economic activity","Total","Economic activity (Aggregate): Total","2019",46.48,,,"Job coverage: Main job currently held","Repository: ILO-STATISTICS - Micro data processing"
"Mexico","LFS - National Occupation and Employment Survey","Average weekly hours actually worked per employed person by sex and economic activity","Total","Economic activity (Aggregate): Total","2026",41.81,,,"Job coverage: Main job currently held","Repository: ILO-STATISTICS - Micro data processing"
"Marshall Islands","PC - Population Census","Average weekly hours actually worked per employed person by sex and economic activity","Total","Economic activity (Aggregate): Total","2021",37.9,"Break in series",,"Job coverage: Main job currently held | Break in series: Methodology revised","Repository: ILO-STATISTICS - Micro data processing"
"North Macedonia","LFS - Labour Force Survey","Average weekly hours actually worked per employed person by sex and economic activity","Total","Economic activity (Aggregate): Total","2025",39.39,,,"Job coverage: Main job currently held","Repository: ILO-STATISTICS - Micro data processing"
"Mali","LFS - Continous Household Employment Survey","Average weekly hours actually worked per employed person by sex and economic activity","Total","Economic activity (Aggregate): Total","2024",42.29,,,"Job coverage: Main job currently held","Repository: ILO-STATISTICS - Micro data processing"
"Malta","LFS - Labour Force Survey","Average weekly hours actually worked per employed person by sex and economic activity","Total","Economic activity (Aggregate): Total","2025",37.71,,,"Job coverage: Main and second job currently held","Repository: Eurostat special tabulation"
"Myanmar","LFS - Labour Force Survey","Average weekly hours actually worked per employed person by sex and economic activity","Total","Economic activity (Aggregate): Total","2020",44.65,,,"Job coverage: Main job currently held","Repository: ILO-STATISTICS - Micro data processing | Data reference period: First semester"
"Montenegro","LFS - Labour Force Survey","Average weekly hours actually worked per employed person by sex and economic activity","Total","Economic activity (Aggregate): Total","2024",42.86,,,"Job coverage: Main job currently held","Repository: ILO-STATISTICS - Micro data processing"
"Mongolia","LFS - Labour Force Survey","Average weekly hours actually worked per employed person by sex and economic activity","Total","Economic activity (Aggregate): Total","2025",46.94,,,"Job coverage: Main job currently held","Repository: ILO-STATISTICS - Micro data processing"
"Mozambique","HIES - Household Budget Survey","Average weekly hours actually worked per employed person by sex and economic activity","Total","Economic activity (Aggregate): Total","2022",37.23,,,"Job coverage: Main job currently held","Repository: ILO-STATISTICS - Micro data processing"
"Mauritania","HIES - Living Standards Survey","Average weekly hours actually worked per employed person by sex and economic activity","Total","Economic activity (Aggregate): Total","2019",47.59,,,"Job coverage: Main job currently held","Repository: ILO-STATISTICS - Micro data processing"
"Montserrat","LFS - Labour Force Survey","Average weekly hours actually worked per employed person by sex and economic activity","Total","Economic activity (Aggregate): Total","2020",38.99,,,"Job coverage: Main job currently held","Repository: ILO-STATISTICS - Micro data processing"
"Mauritius","LFS - Continuous Multi-Purpose Household Survey","Average weekly hours actually worked per employed person by sex and economic activity","Total","Economic activity (Aggregate): Total","2024",38.34,,,"Job coverage: Main job currently held","Repository: ILO-STATISTICS - Micro data processing | Age coverage - minimum age: 16 years old"
"Malawi","LFS - Labour Force Survey","Average weekly hours actually worked per employed person by sex and economic activity","Total","Economic activity (Aggregate): Total","2024",28.03,"Break in series",,"Job coverage: Main job currently held | Break in series: Methodology revised","Repository: ILO-STATISTICS - Micro data processing | Age coverage - maximum age: 64 years old"
"Malaysia","LFS - Labour Force Survey","Average weekly hours actually worked per employed person by sex and economic activity","Total","Economic activity (Aggregate): Total","2022",44.7,,,"Employment definition: Excluding own-use production workers | Job coverage: Main job currently held",
"Namibia","LFS - Labour Force Survey","Average weekly hours actually worked per employed person by sex and economic activity","Total","Economic activity (Aggregate): Total","2018",44.91,,,"Job coverage: Main job currently held","Repository: ILO-STATISTICS - Micro data processing"
"New Caledonia","LFS - Labour Force Survey","Average weekly hours actually worked per employed person by sex and economic activity","Total","Economic activity (Aggregate): Total","2020",37.2,,,"Job coverage: Main job currently held","Repository: ILO-STATISTICS - Micro data processing"
"Niger","LFS - National Survey on Employment and the Informal Sector","Average weekly hours actually worked per employed person by sex and economic activity","Total","Economic activity (Aggregate): Total","2017",39.72,"Break in series",,"Job coverage: Main job currently held | Break in series: Methodology revised","Repository: ILO-STATISTICS - Micro data processing"
"Nigeria","HS - General Household Survey","Average weekly hours actually worked per employed person by sex and economic activity","Total","Economic activity (Aggregate): Total","2024",33.5,,,"Job coverage: Main job currently held","Repository: ILO-STATISTICS - Micro data processing"
"Nicaragua","LFS - Continous Household Survey","Average weekly hours actually worked per employed person by sex and economic activity","Total","Economic activity (Aggregate): Total","2012",36.45,"Break in series",,"Job coverage: Main job currently held | Break in series: Methodology revised","Repository: ILO-STATISTICS - Micro data processing"
"Niue","PC - Population Census","Average weekly hours actually worked per employed person by sex and economic activity","Total","Economic activity (Aggregate): Total","2022",33.61,,,"Job coverage: Main job currently held","Repository: ILO-STATISTICS - Micro data processing"
"Netherlands","LFS - EU Labour Force Survey","Average weekly hours actually worked per employed person by sex and economic activity","Total","Economic activity (Aggregate): Total","2025",31.03,,,"Job coverage: Main and second job currently held","Repository: Eurostat special tabulation"
"Norway","LFS - EU Labour Force Survey","Average weekly hours actually worked per employed person by sex and economic activity","Total","Economic activity (Aggregate): Total","2025",33.44,,,"Job coverage: Main and second job currently held","Repository: Eurostat special tabulation"
"Nepal","LFS - Labour Force Survey","Average weekly hours actually worked per employed person by sex and economic activity","Total","Economic activity (Aggregate): Total","2017",41.04,"Break in series",,"Job coverage: Main job currently held | Break in series: Methodology revised","Repository: ILO-STATISTICS - Micro data processing"
"Naoero","HIES - Household Income and Expenditure Survey","Average weekly hours actually worked per employed person by sex and economic activity","Total","Economic activity (Aggregate): Total","2024",34.44,,,"Job coverage: Main job currently held","Repository: ILO-STATISTICS - Micro data processing"
"New Zealand","LFS - Household Labour Force Survey","Average weekly hours actually worked per employed person by sex and economic activity","Total","Economic activity (Aggregate): Total","2020",33,,,"Employment definition: Including subsistence workers | Job coverage: Main job currently held","Geographical coverage: Total national, excluding overseas territories | Population coverage: Excluding institutional population"
"Pakistan","LFS - Labour Force Survey","Average weekly hours actually worked per employed person by sex and economic activity","Total","Economic activity (Aggregate): Total","2025",46.77,,,"Job coverage: Main job currently held","Repository: ILO-STATISTICS - Micro data processing | Data reference period: Noncalendar year"
"Panama","LFS - Labour Market Survey","Average weekly hours actually worked per employed person by sex and economic activity","Total","Economic activity (Aggregate): Total","2025",36.36,,,"Job coverage: Main job currently held","Repository: ILO-STATISTICS - Micro data processing | Data reference period: October"
"Peru","LFS - Permanent Employment Survey, National","Average weekly hours actually worked per employed person by sex and economic activity","Total","Economic activity (Aggregate): Total","2025",39.67,,,"Job coverage: Main job currently held","Repository: ILO-STATISTICS - Micro data processing"
"Philippines","LFS - Labour Force Survey","Average weekly hours actually worked per employed person by sex and economic activity","Total","Economic activity (Aggregate): Total","2023",39.99,,,"Job coverage: Main job currently held","Repository: ILO-STATISTICS - Micro data processing"
"Palau","PC - Population Census","Average weekly hours actually worked per employed person by sex and economic activity","Total","Economic activity (Aggregate): Total","2020",39.92,,,"Job coverage: Main job currently held","Repository: ILO-STATISTICS - Micro data processing"
"Poland","LFS - EU Labour Force Survey","Average weekly hours actually worked per employed person by sex and economic activity","Total","Economic activity (Aggregate): Total","2025",38.93,,,"Job coverage: Main and second job currently held","Repository: Eurostat special tabulation"
"Puerto Rico","PC - Population Census","Average weekly hours actually worked per employed person by sex and economic activity","Total","Economic activity (Aggregate): Total","2020",35.79,,,"Job coverage: Main job currently held","Repository: ILO-STATISTICS - Micro data processing"
"Portugal","LFS - EU Labour Force Survey","Average weekly hours actually worked per employed person by sex and economic activity","Total","Economic activity (Aggregate): Total","2025",37.68,,,"Job coverage: Main and second job currently held","Repository: Eurostat special tabulation"
"Paraguay","HS - Continuous Permanent Household Survey","Average weekly hours actually worked per employed person by sex and economic activity","Total","Economic activity (Aggregate): Total","2025",41.77,,,"Job coverage: Main job currently held","Repository: ILO-STATISTICS - Micro data processing"
"Palestine, State of","LFS - Labour Force Survey","Average weekly hours actually worked per employed person by sex and economic activity","Total","Economic activity (Aggregate): Total","2025",41.9,,,"Job coverage: Main job currently held","Repository: ILO-STATISTICS - Micro data processing | Geographical coverage: Excluding Gaza Strip"
"Qatar","LFS - Labor Force Sample Survey","Average weekly hours actually worked per employed person by sex and economic activity","Total","Economic activity (Aggregate): Total","2020",48,,,"Employment definition: Excluding own-use production workers",
"Réunion","LFS - Labour Force Survey","Average weekly hours actually worked per employed person by sex and economic activity","Total","Economic activity (Aggregate): Total","2012",33.02,,,,"Data reference period: Second quarter | Population coverage: Excluding both institutional population and armed forces and/or conscripts"
"Romania","LFS - Household Labour Force Survey","Average weekly hours actually worked per employed person by sex and economic activity","Total","Economic activity (Aggregate): Total","2025",38.25,,,"Job coverage: Main and second job currently held","Repository: Eurostat special tabulation"
"Russian Federation","LFS - Labour Force Survey","Average weekly hours actually worked per employed person by sex and economic activity","Total","Economic activity (Aggregate): Total","2025",38.99,,,"Job coverage: Main job currently held","Repository: ILO-STATISTICS - Micro data processing"
"Rwanda","LFS - Labour Force Survey","Average weekly hours actually worked per employed person by sex and economic activity","Total","Economic activity (Aggregate): Total","2025",29.2,,,"Job coverage: Main job currently held","Repository: ILO-STATISTICS - Micro data processing"
"Sudan","LFS - Labor Market Panel Survey","Average weekly hours actually worked per employed person by sex and economic activity","Total","Economic activity (Aggregate): Total","2022",50.72,"Break in series",,"Job coverage: Main job currently held | Break in series: Methodology revised","Repository: ILO-STATISTICS - Micro data processing"
"Senegal","LFS - National Employment Survey","Average weekly hours actually worked per employed person by sex and economic activity","Total","Economic activity (Aggregate): Total","2024",48.31,,,"Job coverage: Main job currently held","Repository: ILO-STATISTICS - Micro data processing"
"Singapore","LFS - Labour Force Survey","Average weekly hours actually worked per employed person by sex and economic activity","Total","Economic activity (Aggregate): Total","2020",42.6,,,,
"Solomon Islands","HIES - Household Income and Expenditure Survey","Average weekly hours actually worked per employed person by sex and economic activity","Total","Economic activity (Aggregate): Total","2013",34.6,,,"Job coverage: Main job currently held","Repository: ILO-STATISTICS - Micro data processing"
"Sierra Leone","HS - Integrated Household Survey","Average weekly hours actually worked per employed person by sex and economic activity","Total","Economic activity (Aggregate): Total","2018",41.15,,,"Job coverage: Main job currently held","Repository: ILO-STATISTICS - Micro data processing"
"El Salvador","HS - Multi-purpose Household Survey","Average weekly hours actually worked per employed person by sex and economic activity","Total","Economic activity (Aggregate): Total","2025",42.4,,,"Job coverage: Main job currently held","Repository: ILO-STATISTICS - Micro data processing"
"Somalia","HIES - Integrated Household Budget Survey","Average weekly hours actually worked per employed person by sex and economic activity","Total","Economic activity (Aggregate): Total","2022",33.94,,,"Job coverage: Main job currently held","Repository: ILO-STATISTICS - Micro data processing"
"Serbia","LFS - Labour Force Survey","Average weekly hours actually worked per employed person by sex and economic activity","Total","Economic activity (Aggregate): Total","2025",40.37,,,"Job coverage: Main job currently held","Repository: ILO-STATISTICS - Micro data processing"
"Slovakia","LFS - Labour Force Survey","Average weekly hours actually worked per employed person by sex and economic activity","Total","Economic activity (Aggregate): Total","2025",37.59,,,"Job coverage: Main and second job currently held","Repository: Eurostat special tabulation"
"Slovenia","LFS - Labour Force Survey","Average weekly hours actually worked per employed person by sex and economic activity","Total","Economic activity (Aggregate): Total","2025",38.3,,,"Job coverage: Main and second job currently held","Repository: Eurostat special tabulation"
"Sweden","LFS - EU Labour Force Survey","Average weekly hours actually worked per employed person by sex and economic activity","Total","Economic activity (Aggregate): Total","2025",34.78,,,"Job coverage: Main and second job currently held","Repository: Eurostat special tabulation"
"Eswatini","LFS - Labour Force Survey","Average weekly hours actually worked per employed person by sex and economic activity","Total","Economic activity (Aggregate): Total","2023",42.74,,,"Job coverage: Main job currently held","Repository: ILO-STATISTICS - Micro data processing"
"Seychelles","LFS - Labour Force Survey","Average weekly hours actually worked per employed person by sex and economic activity","Total","Economic activity (Aggregate): Total","2025",40.65,,,"Job coverage: Main job currently held","Repository: ILO-STATISTICS - Micro data processing"
"Thailand","LFS - Labour Force Survey","Average weekly hours actually worked per employed person by sex and economic activity","Total","Economic activity (Aggregate): Total","2025",42.41,,,"Job coverage: Main job currently held","Repository: ILO-STATISTICS - Micro data processing"
"Tajikistan","LFS - Labour Force Survey","Average weekly hours actually worked per employed person by sex and economic activity","Total","Economic activity (Aggregate): Total","2016",40.29,,,"Job coverage: Main job currently held","Repository: ILO-STATISTICS - Micro data processing | Age coverage - maximum age: 75 years old"
"Timor-Leste","LFS - Labour Force Survey","Average weekly hours actually worked per employed person by sex and economic activity","Total","Economic activity (Aggregate): Total","2021",34.93,,,"Job coverage: Main job currently held","Repository: ILO-STATISTICS - Micro data processing"
"Tonga","LFS - Labour Force Survey","Average weekly hours actually worked per employed person by sex and economic activity","Total","Economic activity (Aggregate): Total","2023",31.8,,,"Job coverage: Main job currently held","Repository: ILO-STATISTICS - Micro data processing"
"Tunisia","HIES - National Survey on Household Budget and Consumption","Average weekly hours actually worked per employed person by sex and economic activity","Total","Economic activity (Aggregate): Total","2021",43.26,,,"Job coverage: Main job currently held","Repository: ILO-STATISTICS - Micro data processing"
"Türkiye","LFS - Household Labour Force Survey","Average weekly hours actually worked per employed person by sex and economic activity","Total","Economic activity (Aggregate): Total","2025",42.06,,,"Job coverage: Main job currently held","Repository: ILO-STATISTICS - Micro data processing"
"Tuvalu","PC - Population Census","Average weekly hours actually worked per employed person by sex and economic activity","Total","Economic activity (Aggregate): Total","2022",36.83,,,"Job coverage: Main job currently held","Repository: ILO-STATISTICS - Micro data processing"
"Tanzania, United Republic of","LFS - Labour Force Survey","Average weekly hours actually worked per employed person by sex and economic activity","Total","Economic activity (Aggregate): Total","2024",40.72,"Break in series",,"Job coverage: Main job currently held | Break in series: Methodology revised","Repository: ILO-STATISTICS - Micro data processing"
"Uganda","LFS - National Labour Force Survey","Average weekly hours actually worked per employed person by sex and economic activity","Total","Economic activity (Aggregate): Total","2021",44.44,,,"Job coverage: Main job currently held","Repository: ILO-STATISTICS - Micro data processing"
"Ukraine","LFS - Labour Force Survey","Average weekly hours actually worked per employed person by sex and economic activity","Total","Economic activity (Aggregate): Total","2020",39,,,"Employment definition: Excluding own-use production workers | Central tendency measure: Weighted mean | Job coverage: Main job currently held","Geographical coverage: Total national, excluding some areas"
"Uruguay","LFS - Continous Household Survey","Average weekly hours actually worked per employed person by sex and economic activity","Total","Economic activity (Aggregate): Total","2025",36.11,,,"Job coverage: Main job currently held","Repository: ILO-STATISTICS - Micro data processing"
"United States of America","LFS - Current Population Survey","Average weekly hours actually worked per employed person by sex and economic activity","Total","Economic activity (Aggregate): Total","2025",37.54,"Break in series",,"Job coverage: Main job currently held | Break in series: Methodology revised","Repository: ILO-STATISTICS - Micro data processing | Repository: Annual estimates for 2025 are 11-month averages that exclude October. Data for October 2025 were not collected due to the federal government shutdown | Age coverage - minimum age: 16 years old"
"Venezuela, Bolivarian Republic of","LFS - Household Sample Survey","Average weekly hours actually worked per employed person by sex and economic activity","Total","Economic activity (Aggregate): Total","2017",38.65,,,"Job coverage: Main job currently held","Repository: ILO-STATISTICS - Micro data processing"
"Viet Nam","LFS - Labour Force Survey","Average weekly hours actually worked per employed person by sex and economic activity","Total","Economic activity (Aggregate): Total","2024",41.85,,,"Job coverage: Main job currently held","Repository: ILO-STATISTICS - Micro data processing"
"Vanuatu","LFS - Labour Force Survey","Average weekly hours actually worked per employed person by sex and economic activity","Total","Economic activity (Aggregate): Total","2025",24.37,,,"Job coverage: Main job currently held","Repository: ILO-STATISTICS - Micro data processing"
"Wallis and Futuna","HIES - Household Income and Expenditure Survey","Average weekly hours actually worked per employed person by sex and economic activity","Total","Economic activity (Aggregate): Total","2019",31.8,,,"Job coverage: Main job currently held","Repository: ILO-STATISTICS - Micro data processing"
"Samoa","LFS - Labour Force Survey","Average weekly hours actually worked per employed person by sex and economic activity","Total","Economic activity (Aggregate): Total","2022",39.8,"Break in series",,"Job coverage: Main job currently held | Break in series: Methodology revised","Repository: ILO-STATISTICS - Micro data processing"
"Yemen","LFS - Labour Force Survey","Average weekly hours actually worked per employed person by sex and economic activity","Total","Economic activity (Aggregate): Total","2014",41.5,"Break in series",,"Job coverage: Main job currently held | Break in series: Methodology revised","Repository: ILO-STATISTICS - Micro data processing"
"South Africa","LFS - Quarterly Labour Force Survey","Average weekly hours actually worked per employed person by sex and economic activity","Total","Economic activity (Aggregate): Total","2024",42.39,,,"Job coverage: Main job currently held","Repository: ILO-STATISTICS - Micro data processing"
"Zambia","LFS - Labour Force Survey","Average weekly hours actually worked per employed person by sex and economic activity","Total","Economic activity (Aggregate): Total","2024",42.91,,,"Job coverage: Main job currently held","Repository: ILO-STATISTICS - Micro data processing"
"Zimbabwe","LFS - Labour Force Survey","Average weekly hours actually worked per employed person by sex and economic activity","Total","Economic activity (Aggregate): Total","2024",46.16,,,"Job coverage: Main job currently held","Repository: ILO-STATISTICS - Micro data processing"
